agent,density,scenario,seed,condition,success_rate,safe_success_rate,collision_per_episode,avg_episode_length,avg_jerk,avg_min_dist,freezing_rate,num_episodes
PSS_Social,11,random,10,Kcap+Sort,1.0,0.95,0.09,23.9,0.4017126726938257,0.36622349798679354,0.006276150627615063,100
PSS_Social,11,random,123,Kcap+Sort,1.0,0.98,0.04,21.11,0.43399348592988624,0.37034666031599045,0.0047370914258645196,100
PSS_Social,11,random,42,Kcap+Sort,1.0,0.97,0.05,21.51,0.487572618828735,0.3690764036774635,0.0018596001859600185,100
PSS_Social,11,random,456,Kcap+Sort,1.0,0.93,0.1,23.17,0.3817765389614893,0.37002299934625626,0.002589555459646094,100
PSS_Social,11,random,9,Kcap+Sort,1.0,0.98,0.02,28.26,0.3312780074006519,0.37552420765161515,0.006723283793347488,100
SARL,11,random,10,Kcap+Sort,1.0,0.44,2.13,24.18,0.04910510801790544,0.2907273358106613,0.00041356492969396195,100
SARL,11,random,123,Kcap+Sort,0.98,0.49,1.88,25.55,0.04716195501102601,0.30581506609916687,0.024657534246575342,100
SARL,11,random,42,Kcap+Sort,0.96,0.42,2.31,33.3,0.04380613348443903,0.2918246019631624,0.01951951951951952,100
SARL,11,random,456,Kcap+Sort,0.99,0.53,1.46,25.06,0.04876354315182881,0.30653725914657115,0.003591380686352753,100
SARL,11,random,9,Kcap+Sort,0.93,0.47,2.08,36.88,0.03449543549509058,0.2985309588164091,0.07293926247288503,100
DS_RNN,11,random,10,Kcap+Sort,0.98,0.5,1.78,28.04,0.047704449816387884,0.29726557433605194,0.007845934379457917,100
DS_RNN,11,random,123,Kcap+Sort,0.97,0.55,1.82,29.9,0.04671922563077724,0.306096908301115,0.04414715719063545,100
DS_RNN,11,random,42,Kcap+Sort,0.99,0.33,2.61,28.49,0.05777469829959778,0.26251579836010935,0.00702000702000702,100
DS_RNN,11,random,456,Kcap+Sort,0.98,0.43,1.73,28.54,0.04411717619627803,0.29699007503688335,0.008759635599159075,100
DS_RNN,11,random,9,Kcap+Sort,0.98,0.37,2.34,25.07,0.05698627833593103,0.2851763029396534,0.009573195053849222,100
LSTM_RL,11,random,10,Kcap+Sort,1.0,0.91,0.16,23.68,0.28317669641252813,0.3631403675675392,0.002533783783783784,100
LSTM_RL,11,random,123,Kcap+Sort,1.0,0.92,0.16,20.28,0.47414585479720656,0.35799258813261986,0.0014792899408284023,100
LSTM_RL,11,random,42,Kcap+Sort,1.0,0.88,0.19,22.4,0.47534905022889307,0.35313442200422285,0.0008928571428571428,100
LSTM_RL,11,random,456,Kcap+Sort,1.0,0.93,0.14,20.84,0.5248607384467655,0.36764739468693736,0.0009596928982725527,100
LSTM_RL,11,random,9,Kcap+Sort,1.0,0.92,0.16,21.76,0.47917574860006645,0.3551367154717445,0.0013786764705882354,100
PSS_Social,11,random,10,NoKcap+Sort,1.0,0.95,0.09,23.9,0.4017126726938257,0.36622349798679354,0.006276150627615063,100
PSS_Social,11,random,123,NoKcap+Sort,1.0,0.98,0.04,21.11,0.43399348592988624,0.37034666031599045,0.0047370914258645196,100
PSS_Social,11,random,42,NoKcap+Sort,1.0,0.97,0.05,21.51,0.487572618828735,0.3690764036774635,0.0018596001859600185,100
PSS_Social,11,random,456,NoKcap+Sort,1.0,0.93,0.1,23.17,0.3817765389614893,0.37002299934625626,0.002589555459646094,100
PSS_Social,11,random,9,NoKcap+Sort,1.0,0.98,0.02,28.26,0.3312780074006519,0.37552420765161515,0.006723283793347488,100
SARL,11,random,10,NoKcap+Sort,1.0,0.44,2.13,24.18,0.04910510801790544,0.2907273358106613,0.00041356492969396195,100
SARL,11,random,123,NoKcap+Sort,0.98,0.49,1.88,25.55,0.04716195501102601,0.30581506609916687,0.024657534246575342,100
SARL,11,random,42,NoKcap+Sort,0.96,0.42,2.31,33.3,0.04380613348443903,0.2918246019631624,0.01951951951951952,100
SARL,11,random,456,NoKcap+Sort,0.99,0.53,1.46,25.06,0.04876354315182881,0.30653725914657115,0.003591380686352753,100
SARL,11,random,9,NoKcap+Sort,0.93,0.47,2.08,36.88,0.03449543549509058,0.2985309588164091,0.07293926247288503,100
DS_RNN,11,random,10,NoKcap+Sort,0.98,0.5,1.78,28.04,0.047704449816387884,0.29726557433605194,0.007845934379457917,100
DS_RNN,11,random,123,NoKcap+Sort,0.97,0.55,1.82,29.9,0.04671922563077724,0.306096908301115,0.04414715719063545,100
DS_RNN,11,random,42,NoKcap+Sort,0.99,0.33,2.61,28.49,0.05777469829959778,0.26251579836010935,0.00702000702000702,100
DS_RNN,11,random,456,NoKcap+Sort,0.98,0.43,1.73,28.54,0.04411717619627803,0.29699007503688335,0.008759635599159075,100
DS_RNN,11,random,9,NoKcap+Sort,0.98,0.37,2.34,25.07,0.05698627833593103,0.2851763029396534,0.009573195053849222,100
LSTM_RL,11,random,10,NoKcap+Sort,1.0,0.91,0.16,23.68,0.28317669641252813,0.3631403675675392,0.002533783783783784,100
LSTM_RL,11,random,123,NoKcap+Sort,1.0,0.92,0.16,20.28,0.47414585479720656,0.35799258813261986,0.0014792899408284023,100
LSTM_RL,11,random,42,NoKcap+Sort,1.0,0.88,0.19,22.4,0.47534905022889307,0.35313442200422285,0.0008928571428571428,100
LSTM_RL,11,random,456,NoKcap+Sort,1.0,0.93,0.14,20.84,0.5248607384467655,0.36764739468693736,0.0009596928982725527,100
LSTM_RL,11,random,9,NoKcap+Sort,1.0,0.92,0.16,21.76,0.47917574860006645,0.3551367154717445,0.0013786764705882354,100
PSS_Social,11,random,10,Kcap+NoSort,0.95,0.48,1.78,33.35,0.18267130154059766,0.2899801427125931,0.012293853073463269,100
PSS_Social,11,random,123,Kcap+NoSort,0.8,0.38,3.08,45.69,0.2169708320293738,0.26774688594043256,0.014445173998686802,100
PSS_Social,11,random,42,Kcap+NoSort,0.94,0.36,2.63,31.53,0.259891023725159,0.2743166233599186,0.007611798287345386,100
PSS_Social,11,random,456,Kcap+NoSort,0.92,0.39,2.26,37.44,0.17068042841207842,0.2812357039749622,0.014155982905982906,100
PSS_Social,11,random,9,Kcap+NoSort,0.77,0.34,2.33,52.11,0.14384888634666934,0.2762166988104582,0.02494722701976588,100
SARL,11,random,10,Kcap+NoSort,1.0,0.44,2.09,24.57,0.04864100642449163,0.29188806742429735,0.004477004477004477,100
SARL,11,random,123,Kcap+NoSort,0.98,0.48,2.05,25.66,0.04735433364517206,0.30296714812517167,0.03078721745908028,100
SARL,11,random,42,Kcap+NoSort,0.96,0.45,2.31,31.86,0.046865318030645864,0.2916637405008078,0.01224105461393597,100
SARL,11,random,456,Kcap+NoSort,0.98,0.53,1.49,25.71,0.0493797236562223,0.31048646807670593,0.013613380007779074,100
SARL,11,random,9,Kcap+NoSort,0.93,0.46,2.04,37.24,0.035117665865392146,0.2974898078292608,0.07035445757250268,100
DS_RNN,11,random,10,Kcap+NoSort,0.91,0.41,2.41,38.72,0.050710538550650885,0.2966477932780981,0.028667355371900828,100
DS_RNN,11,random,123,Kcap+NoSort,0.95,0.5,2.14,34.71,0.04694202126114862,0.2956244167685509,0.033419763756842406,100
DS_RNN,11,random,42,Kcap+NoSort,0.93,0.4,2.32,33.87,0.05703071853219748,0.273927988819778,0.018305284912902273,100
DS_RNN,11,random,456,Kcap+NoSort,0.93,0.44,2.09,36.03,0.041838307277420564,0.2945036907866597,0.041076880377463224,100
DS_RNN,11,random,9,Kcap+NoSort,0.9,0.34,2.34,37.48,0.05036950311423744,0.28303241573274135,0.008271077908217716,100
LSTM_RL,11,random,10,Kcap+NoSort,0.5,0.25,2.01,72.43,0.11038680716648376,0.2864171889424324,0.029407703990059368,100
LSTM_RL,11,random,123,Kcap+NoSort,0.72,0.32,2.4,59.64,0.2056123522121659,0.2634389836341143,0.014419852448021462,100
LSTM_RL,11,random,42,Kcap+NoSort,0.7,0.3,2.84,56.84,0.22021222313232072,0.2567842629179358,0.009500351864883884,100
LSTM_RL,11,random,456,Kcap+NoSort,0.67,0.3,2.94,59.64,0.23472769398771087,0.25658088498050347,0.02649228705566734,100
LSTM_RL,11,random,9,Kcap+NoSort,0.83,0.28,2.84,48.52,0.272039182411165,0.2457890836894512,0.009068425391591096,100
PSS_Social,11,random,10,NoKcap+NoSort,0.95,0.48,1.78,33.35,0.18267130154059766,0.2899801427125931,0.012293853073463269,100
PSS_Social,11,random,123,NoKcap+NoSort,0.8,0.38,3.08,45.69,0.2169708320293738,0.26774688594043256,0.014445173998686802,100
PSS_Social,11,random,42,NoKcap+NoSort,0.94,0.36,2.63,31.53,0.259891023725159,0.2743166233599186,0.007611798287345386,100
PSS_Social,11,random,456,NoKcap+NoSort,0.92,0.39,2.26,37.44,0.17068042841207842,0.2812357039749622,0.014155982905982906,100
PSS_Social,11,random,9,NoKcap+NoSort,0.77,0.34,2.33,52.11,0.14384888634666934,0.2762166988104582,0.02494722701976588,100
SARL,11,random,10,NoKcap+NoSort,1.0,0.44,2.09,24.57,0.04864100642449163,0.29188806742429735,0.004477004477004477,100
SARL,11,random,123,NoKcap+NoSort,0.98,0.48,2.05,25.66,0.04735433364517206,0.30296714812517167,0.03078721745908028,100
SARL,11,random,42,NoKcap+NoSort,0.96,0.45,2.31,31.86,0.046865318030645864,0.2916637405008078,0.01224105461393597,100
SARL,11,random,456,NoKcap+NoSort,0.98,0.53,1.49,25.71,0.0493797236562223,0.31048646807670593,0.013613380007779074,100
SARL,11,random,9,NoKcap+NoSort,0.93,0.46,2.04,37.24,0.035117665865392146,0.2974898078292608,0.07035445757250268,100
DS_RNN,11,random,10,NoKcap+NoSort,0.91,0.41,2.41,38.72,0.050710538550650885,0.2966477932780981,0.028667355371900828,100
DS_RNN,11,random,123,NoKcap+NoSort,0.95,0.5,2.14,34.71,0.04694202126114862,0.2956244167685509,0.033419763756842406,100
DS_RNN,11,random,42,NoKcap+NoSort,0.93,0.4,2.32,33.87,0.05703071853219748,0.273927988819778,0.018305284912902273,100
DS_RNN,11,random,456,NoKcap+NoSort,0.93,0.44,2.09,36.03,0.041838307277420564,0.2945036907866597,0.041076880377463224,100
DS_RNN,11,random,9,NoKcap+NoSort,0.9,0.34,2.34,37.48,0.05036950311423744,0.28303241573274135,0.008271077908217716,100
LSTM_RL,11,random,10,NoKcap+NoSort,0.5,0.25,2.01,72.43,0.11038680716648376,0.2864171889424324,0.029407703990059368,100
LSTM_RL,11,random,123,NoKcap+NoSort,0.72,0.32,2.4,59.64,0.2056123522121659,0.2634389836341143,0.014419852448021462,100
LSTM_RL,11,random,42,NoKcap+NoSort,0.7,0.3,2.84,56.84,0.22021222313232072,0.2567842629179358,0.009500351864883884,100
LSTM_RL,11,random,456,NoKcap+NoSort,0.67,0.3,2.94,59.64,0.23472769398771087,0.25658088498050347,0.02649228705566734,100
LSTM_RL,11,random,9,NoKcap+NoSort,0.83,0.28,2.84,48.52,0.272039182411165,0.2457890836894512,0.009068425391591096,100
PSS_Social,13,random,10,Kcap+Sort,1.0,0.97,0.03,27.43,0.4167561898218708,0.3718032771348953,0.006562158220925993,100
PSS_Social,13,random,123,Kcap+Sort,1.0,0.94,0.08,25.66,0.4715415950409844,0.3581155240535736,0.0027279812938425566,100
PSS_Social,13,random,42,Kcap+Sort,1.0,0.95,0.07,20.72,0.5069606441798531,0.3616386884450912,0.0009652509652509653,100
PSS_Social,13,random,456,Kcap+Sort,1.0,0.97,0.04,25.77,0.3974983599202367,0.3724586221575737,0.006596818005432673,100
PSS_Social,13,random,9,Kcap+Sort,1.0,0.94,0.08,28.38,0.3696740528434608,0.3593518501520157,0.005990133897110641,100
SARL,13,random,10,Kcap+Sort,0.98,0.44,2.24,27.99,0.048263484370628516,0.2841284380108118,0.013933547695605574,100
SARL,13,random,123,Kcap+Sort,0.99,0.33,2.35,27.2,0.05616158608081466,0.26667763784527776,0.019852941176470587,100
SARL,13,random,42,Kcap+Sort,1.0,0.39,2.24,23.54,0.04315270458454697,0.28411892712116243,0.001274426508071368,100
SARL,13,random,456,Kcap+Sort,1.0,0.45,2.12,22.97,0.05316524870889105,0.29369862720370293,0.0021767522855899,100
SARL,13,random,9,Kcap+Sort,0.97,0.35,2.35,29.38,0.04628921905454541,0.2804562447592616,0.016337644656228726,100
DS_RNN,13,random,10,Kcap+Sort,0.96,0.45,1.79,30.76,0.048914906866709205,0.29991956129670144,0.0055266579973992196,100
DS_RNN,13,random,123,Kcap+Sort,0.97,0.37,2.34,30.02,0.0513263715718502,0.28292476288974283,0.006329113924050633,100
DS_RNN,13,random,42,Kcap+Sort,0.98,0.39,2.23,23.96,0.06378275473219279,0.28096782967448236,0.017111853088480802,100
DS_RNN,13,random,456,Kcap+Sort,0.96,0.41,2.1,27.9,0.04368833561683659,0.2925082552433014,0.01863799283154122,100
DS_RNN,13,random,9,Kcap+Sort,0.97,0.3,2.56,26.43,0.06789487135956211,0.26689960025250914,0.02686341278849792,100
LSTM_RL,13,random,10,Kcap+Sort,1.0,0.91,0.14,27.34,0.30532425404551045,0.3579690909385681,0.0032918800292611556,100
LSTM_RL,13,random,123,Kcap+Sort,1.0,0.92,0.09,21.78,0.5726732327696922,0.3498441180586815,0.002295684113865932,100
LSTM_RL,13,random,42,Kcap+Sort,1.0,0.92,0.12,22.32,0.5328169450964114,0.3563289301097393,0.002240143369175627,100
LSTM_RL,13,random,456,Kcap+Sort,1.0,0.96,0.06,21.65,0.5555520406646821,0.35859946578741075,0.0023094688221709007,100
LSTM_RL,13,random,9,Kcap+Sort,1.0,0.93,0.09,21.85,0.528770199945594,0.34832008749246596,0.002288329519450801,100
PSS_Social,13,random,10,NoKcap+Sort,1.0,0.97,0.03,27.43,0.4167561898218708,0.3718032771348953,0.006562158220925993,100
PSS_Social,13,random,123,NoKcap+Sort,1.0,0.94,0.08,25.66,0.4715415950409844,0.3581155240535736,0.0027279812938425566,100
PSS_Social,13,random,42,NoKcap+Sort,1.0,0.95,0.07,20.72,0.5069606441798531,0.3616386884450912,0.0009652509652509653,100
PSS_Social,13,random,456,NoKcap+Sort,1.0,0.97,0.04,25.77,0.3974983599202367,0.3724586221575737,0.006596818005432673,100
PSS_Social,13,random,9,NoKcap+Sort,1.0,0.94,0.08,28.38,0.3696740528434608,0.3593518501520157,0.005990133897110641,100
SARL,13,random,10,NoKcap+Sort,0.98,0.44,2.24,27.99,0.048263484370628516,0.2841284380108118,0.013933547695605574,100
SARL,13,random,123,NoKcap+Sort,0.99,0.33,2.35,27.2,0.05616158608081466,0.26667763784527776,0.019852941176470587,100
SARL,13,random,42,NoKcap+Sort,1.0,0.39,2.24,23.54,0.04315270458454697,0.28411892712116243,0.001274426508071368,100
SARL,13,random,456,NoKcap+Sort,1.0,0.45,2.12,22.97,0.05316524870889105,0.29369862720370293,0.0021767522855899,100
SARL,13,random,9,NoKcap+Sort,0.97,0.35,2.35,29.38,0.04628921905454541,0.2804562447592616,0.016337644656228726,100
DS_RNN,13,random,10,NoKcap+Sort,0.96,0.45,1.79,30.76,0.048914906866709205,0.29991956129670144,0.0055266579973992196,100
DS_RNN,13,random,123,NoKcap+Sort,0.97,0.37,2.34,30.02,0.0513263715718502,0.28292476288974283,0.006329113924050633,100
DS_RNN,13,random,42,NoKcap+Sort,0.98,0.39,2.23,23.96,0.06378275473219279,0.28096782967448236,0.017111853088480802,100
DS_RNN,13,random,456,NoKcap+Sort,0.96,0.41,2.1,27.9,0.04368833561683659,0.2925082552433014,0.01863799283154122,100
DS_RNN,13,random,9,NoKcap+Sort,0.97,0.3,2.56,26.43,0.06789487135956211,0.26689960025250914,0.02686341278849792,100
LSTM_RL,13,random,10,NoKcap+Sort,1.0,0.91,0.14,27.34,0.30532425404551045,0.3579690909385681,0.0032918800292611556,100
LSTM_RL,13,random,123,NoKcap+Sort,1.0,0.92,0.09,21.78,0.5726732327696922,0.3498441180586815,0.002295684113865932,100
LSTM_RL,13,random,42,NoKcap+Sort,1.0,0.92,0.12,22.32,0.5328169450964114,0.3563289301097393,0.002240143369175627,100
LSTM_RL,13,random,456,NoKcap+Sort,1.0,0.96,0.06,21.65,0.5555520406646821,0.35859946578741075,0.0023094688221709007,100
LSTM_RL,13,random,9,NoKcap+Sort,1.0,0.93,0.09,21.85,0.528770199945594,0.34832008749246596,0.002288329519450801,100
PSS_Social,13,random,10,Kcap+NoSort,0.95,0.32,2.78,36.65,0.2057368940091202,0.2701278156042099,0.020190995907230558,100
PSS_Social,13,random,123,Kcap+NoSort,0.79,0.3,3.05,46.96,0.20296418966621718,0.2668728770315647,0.021081771720613287,100
PSS_Social,13,random,42,Kcap+NoSort,0.95,0.3,3.12,34.85,0.26147986562864817,0.25905246287584305,0.008321377331420373,100
PSS_Social,13,random,456,Kcap+NoSort,0.88,0.32,3.0,40.99,0.18637225939245966,0.26665147513151166,0.013905830690412296,100
PSS_Social,13,random,9,Kcap+NoSort,0.77,0.36,2.52,52.0,0.15349344920531355,0.2748349026590586,0.023653846153846154,100
SARL,13,random,10,Kcap+NoSort,0.98,0.47,2.14,28.04,0.048095913347521224,0.2865731847286224,0.015335235378031383,100
SARL,13,random,123,Kcap+NoSort,0.99,0.31,2.49,27.09,0.056317793266399206,0.270173519551754,0.015873015873015872,100
SARL,13,random,42,Kcap+NoSort,1.0,0.34,2.33,23.4,0.04560601441252012,0.28194517493247984,0.002564102564102564,100
SARL,13,random,456,Kcap+NoSort,1.0,0.5,2.04,23.1,0.05293377825697437,0.2963753493875265,0.0025974025974025974,100
SARL,13,random,9,Kcap+NoSort,0.95,0.33,2.4,31.63,0.045802114388605666,0.27948057554662226,0.027821688270629148,100
DS_RNN,13,random,10,Kcap+NoSort,0.84,0.38,2.05,42.44,0.04877941256633876,0.29283814266324043,0.027332704995287466,100
DS_RNN,13,random,123,Kcap+NoSort,0.87,0.35,2.43,38.16,0.06551974343452492,0.2744520473480225,0.02279874213836478,100
DS_RNN,13,random,42,Kcap+NoSort,0.97,0.4,2.26,27.15,0.062356734763660396,0.2738697946071625,0.015469613259668509,100
DS_RNN,13,random,456,Kcap+NoSort,0.92,0.33,2.25,34.57,0.04270501909817055,0.2813531540334225,0.048018513161700895,100
DS_RNN,13,random,9,Kcap+NoSort,0.9,0.3,2.82,34.16,0.06785052020736564,0.2682285419106483,0.02663934426229508,100
LSTM_RL,13,random,10,Kcap+NoSort,0.41,0.15,3.09,75.8,0.1202639333078299,0.26143936336040496,0.030606860158311346,100
LSTM_RL,13,random,123,Kcap+NoSort,0.67,0.3,2.61,60.07,0.20462829857315037,0.26658296123147013,0.014483103046445813,100
LSTM_RL,13,random,42,Kcap+NoSort,0.62,0.29,3.09,64.0,0.21721072308297845,0.2522236801311374,0.0071875,100
LSTM_RL,13,random,456,Kcap+NoSort,0.6,0.21,3.26,63.48,0.24863048280059674,0.24669221732765437,0.01984877126654064,100
LSTM_RL,13,random,9,Kcap+NoSort,0.73,0.27,3.48,57.69,0.27167159770173477,0.25025590863078834,0.0109204368174727,100
PSS_Social,13,random,10,NoKcap+NoSort,0.95,0.32,2.78,36.65,0.2057368940091202,0.2701278156042099,0.020190995907230558,100
PSS_Social,13,random,123,NoKcap+NoSort,0.79,0.3,3.05,46.96,0.20296418966621718,0.2668728770315647,0.021081771720613287,100
PSS_Social,13,random,42,NoKcap+NoSort,0.95,0.3,3.12,34.85,0.26147986562864817,0.25905246287584305,0.008321377331420373,100
PSS_Social,13,random,456,NoKcap+NoSort,0.88,0.32,3.0,40.99,0.18637225939245966,0.26665147513151166,0.013905830690412296,100
PSS_Social,13,random,9,NoKcap+NoSort,0.77,0.36,2.52,52.0,0.15349344920531355,0.2748349026590586,0.023653846153846154,100
SARL,13,random,10,NoKcap+NoSort,0.98,0.47,2.14,28.04,0.048095913347521224,0.2865731847286224,0.015335235378031383,100
SARL,13,random,123,NoKcap+NoSort,0.99,0.31,2.49,27.09,0.056317793266399206,0.270173519551754,0.015873015873015872,100
SARL,13,random,42,NoKcap+NoSort,1.0,0.34,2.33,23.4,0.04560601441252012,0.28194517493247984,0.002564102564102564,100
SARL,13,random,456,NoKcap+NoSort,1.0,0.5,2.04,23.1,0.05293377825697437,0.2963753493875265,0.0025974025974025974,100
SARL,13,random,9,NoKcap+NoSort,0.95,0.33,2.4,31.63,0.045802114388605666,0.27948057554662226,0.027821688270629148,100
DS_RNN,13,random,10,NoKcap+NoSort,0.84,0.38,2.05,42.44,0.04877941256633876,0.29283814266324043,0.027332704995287466,100
DS_RNN,13,random,123,NoKcap+NoSort,0.87,0.35,2.43,38.16,0.06551974343452492,0.2744520473480225,0.02279874213836478,100
DS_RNN,13,random,42,NoKcap+NoSort,0.97,0.4,2.26,27.15,0.062356734763660396,0.2738697946071625,0.015469613259668509,100
DS_RNN,13,random,456,NoKcap+NoSort,0.92,0.33,2.25,34.57,0.04270501909817055,0.2813531540334225,0.048018513161700895,100
DS_RNN,13,random,9,NoKcap+NoSort,0.9,0.3,2.82,34.16,0.06785052020736564,0.2682285419106483,0.02663934426229508,100
LSTM_RL,13,random,10,NoKcap+NoSort,0.41,0.15,3.09,75.8,0.1202639333078299,0.26143936336040496,0.030606860158311346,100
LSTM_RL,13,random,123,NoKcap+NoSort,0.67,0.3,2.61,60.07,0.20462829857315037,0.26658296123147013,0.014483103046445813,100
LSTM_RL,13,random,42,NoKcap+NoSort,0.62,0.29,3.09,64.0,0.21721072308297845,0.2522236801311374,0.0071875,100
LSTM_RL,13,random,456,NoKcap+NoSort,0.6,0.21,3.26,63.48,0.24863048280059674,0.24669221732765437,0.01984877126654064,100
LSTM_RL,13,random,9,NoKcap+NoSort,0.73,0.27,3.48,57.69,0.27167159770173477,0.25025590863078834,0.0109204368174727,100
PSS_Social,15,random,10,Kcap+Sort,1.0,0.96,0.04,30.58,0.48845405768706357,0.3557192260026932,0.005559189012426423,100
PSS_Social,15,random,123,Kcap+Sort,1.0,0.95,0.07,28.84,0.5425228244443049,0.35223533257842066,0.0006934812760055479,100
PSS_Social,15,random,42,Kcap+Sort,1.0,0.92,0.15,23.14,0.5401053644195973,0.3443036088347435,0.00432152117545376,100
PSS_Social,15,random,456,Kcap+Sort,1.0,0.92,0.1,30.31,0.43119628160571694,0.3512295100092888,0.003299241174529858,100
PSS_Social,15,random,9,Kcap+Sort,1.0,0.99,0.02,33.67,0.39341531903005483,0.36320802628993987,0.007425007425007425,100
SARL,15,random,10,Kcap+Sort,0.98,0.37,2.04,28.87,0.0485582575109257,0.28289064481854437,0.004502944232767579,100
SARL,15,random,123,Kcap+Sort,0.97,0.33,3.0,31.19,0.05517888219347492,0.2676418798044324,0.02981724911830715,100
SARL,15,random,42,Kcap+Sort,0.98,0.28,3.23,28.81,0.053936818386166846,0.2532393801957369,0.026032627559875045,100
SARL,15,random,456,Kcap+Sort,0.99,0.37,2.37,27.64,0.0551218788121212,0.2715929777920246,0.001447178002894356,100
SARL,15,random,9,Kcap+Sort,0.97,0.35,2.7,33.32,0.046805421073285926,0.2718744747340679,0.007503001200480192,100
DS_RNN,15,random,10,Kcap+Sort,0.98,0.38,2.48,32.03,0.05668479803204657,0.27864412918686865,0.0021854511395566654,100
DS_RNN,15,random,123,Kcap+Sort,0.93,0.38,2.57,35.31,0.04619038985865432,0.28325704246759414,0.03993203058623619,100
DS_RNN,15,random,42,Kcap+Sort,0.98,0.29,2.51,25.09,0.06423452854772736,0.25375860910862685,0.005579912315663611,100
DS_RNN,15,random,456,Kcap+Sort,0.96,0.41,2.22,33.21,0.04309581413610501,0.2826111817359924,0.012044564890093345,100
DS_RNN,15,random,9,Kcap+Sort,0.94,0.35,2.43,30.33,0.052714274374301685,0.2914114440977573,0.051434223541048464,100
LSTM_RL,15,random,10,Kcap+Sort,1.0,0.9,0.16,28.25,0.3397583517726135,0.34035520687699317,0.0035398230088495575,100
LSTM_RL,15,random,123,Kcap+Sort,1.0,0.85,0.23,25.94,0.6313356186582169,0.33730728521943093,0.0030840400925212026,100
LSTM_RL,15,random,42,Kcap+Sort,1.0,0.83,0.29,23.46,0.5804616222323937,0.33571540072560313,0.002131287297527707,100
LSTM_RL,15,random,456,Kcap+Sort,1.0,0.84,0.27,26.79,0.5989207938940384,0.3364435614645481,0.0014930944382232176,100
LSTM_RL,15,random,9,Kcap+Sort,1.0,0.87,0.19,25.01,0.5246003170089268,0.34081570103764536,0.0023990403838464614,100
PSS_Social,15,random,10,NoKcap+Sort,1.0,0.96,0.04,30.58,0.48845405768706357,0.3557192260026932,0.005559189012426423,100
PSS_Social,15,random,123,NoKcap+Sort,1.0,0.95,0.07,28.84,0.5425228244443049,0.35223533257842066,0.0006934812760055479,100
PSS_Social,15,random,42,NoKcap+Sort,1.0,0.92,0.15,23.14,0.5401053644195973,0.3443036088347435,0.00432152117545376,100
PSS_Social,15,random,456,NoKcap+Sort,1.0,0.92,0.1,30.31,0.43119628160571694,0.3512295100092888,0.003299241174529858,100
PSS_Social,15,random,9,NoKcap+Sort,1.0,0.99,0.02,33.67,0.39341531903005483,0.36320802628993987,0.007425007425007425,100
SARL,15,random,10,NoKcap+Sort,0.98,0.37,2.04,28.87,0.0485582575109257,0.28289064481854437,0.004502944232767579,100
SARL,15,random,123,NoKcap+Sort,0.97,0.33,3.0,31.19,0.05517888219347492,0.2676418798044324,0.02981724911830715,100
SARL,15,random,42,NoKcap+Sort,0.98,0.28,3.23,28.81,0.053936818386166846,0.2532393801957369,0.026032627559875045,100
SARL,15,random,456,NoKcap+Sort,0.99,0.37,2.37,27.64,0.0551218788121212,0.2715929777920246,0.001447178002894356,100
SARL,15,random,9,NoKcap+Sort,0.97,0.35,2.7,33.32,0.046805421073285926,0.2718744747340679,0.007503001200480192,100
DS_RNN,15,random,10,NoKcap+Sort,0.98,0.38,2.48,32.03,0.05668479803204657,0.27864412918686865,0.0021854511395566654,100
DS_RNN,15,random,123,NoKcap+Sort,0.93,0.38,2.57,35.31,0.04619038985865432,0.28325704246759414,0.03993203058623619,100
DS_RNN,15,random,42,NoKcap+Sort,0.98,0.29,2.51,25.09,0.06423452854772736,0.25375860910862685,0.005579912315663611,100
DS_RNN,15,random,456,NoKcap+Sort,0.96,0.41,2.22,33.21,0.04309581413610501,0.2826111817359924,0.012044564890093345,100
DS_RNN,15,random,9,NoKcap+Sort,0.94,0.35,2.43,30.33,0.052714274374301685,0.2914114440977573,0.051434223541048464,100
LSTM_RL,15,random,10,NoKcap+Sort,1.0,0.9,0.16,28.25,0.3397583517726135,0.34035520687699317,0.0035398230088495575,100
LSTM_RL,15,random,123,NoKcap+Sort,1.0,0.85,0.23,25.94,0.6313356186582169,0.33730728521943093,0.0030840400925212026,100
LSTM_RL,15,random,42,NoKcap+Sort,1.0,0.83,0.29,23.46,0.5804616222323937,0.33571540072560313,0.002131287297527707,100
LSTM_RL,15,random,456,NoKcap+Sort,1.0,0.84,0.27,26.79,0.5989207938940384,0.3364435614645481,0.0014930944382232176,100
LSTM_RL,15,random,9,NoKcap+Sort,1.0,0.87,0.19,25.01,0.5246003170089268,0.34081570103764536,0.0023990403838464614,100
PSS_Social,15,random,10,Kcap+NoSort,0.93,0.35,3.37,41.83,0.21418201203676757,0.26757667392492296,0.017690652641644752,100
PSS_Social,15,random,123,Kcap+NoSort,0.78,0.2,3.78,53.88,0.23510787466913602,0.2414364540204406,0.014105419450631032,100
PSS_Social,15,random,42,Kcap+NoSort,0.95,0.28,3.46,33.46,0.28710742134159606,0.2412266009300947,0.006276150627615063,100
PSS_Social,15,random,456,Kcap+NoSort,0.86,0.23,3.89,46.86,0.1948452452634292,0.2448697216436267,0.01835253947930004,100
PSS_Social,15,random,9,Kcap+NoSort,0.67,0.29,2.77,62.66,0.15276234700476513,0.26672993510961535,0.03957867858282796,100
SARL,15,random,10,Kcap+NoSort,0.98,0.37,2.02,28.76,0.048991786881590865,0.2817216557264328,0.003129346314325452,100
SARL,15,random,123,Kcap+NoSort,0.97,0.32,2.96,33.07,0.053082488994800905,0.26682049050927165,0.019352887813728455,100
SARL,15,random,42,Kcap+NoSort,0.99,0.32,3.13,28.23,0.05596790506882922,0.2553600380755961,0.012752391073326248,100
SARL,15,random,456,Kcap+NoSort,0.98,0.38,2.33,28.74,0.05915811532976809,0.27314928293228147,0.009046624913013222,100
SARL,15,random,9,Kcap+NoSort,0.93,0.36,2.68,35.05,0.05201302256090525,0.2743316379189491,0.02282453637660485,100
DS_RNN,15,random,10,Kcap+NoSort,0.93,0.37,2.59,40.04,0.052465625947005434,0.2778546294569969,0.014985014985014986,100
DS_RNN,15,random,123,Kcap+NoSort,0.81,0.32,2.79,48.45,0.05209372970341824,0.2680405056476593,0.04066047471620227,100
DS_RNN,15,random,42,Kcap+NoSort,0.93,0.23,3.15,30.22,0.07362082135732087,0.24748356066644192,0.0413633355393779,100
DS_RNN,15,random,456,Kcap+NoSort,0.8,0.3,2.27,47.34,0.040223256945555785,0.2894840767234564,0.052598225602027884,100
DS_RNN,15,random,9,Kcap+NoSort,0.83,0.3,2.37,38.94,0.05322007403594727,0.29029620438814163,0.07139188495120699,100
LSTM_RL,15,random,10,Kcap+NoSort,0.29,0.05,3.25,84.4,0.11521107753186277,0.23974819023162128,0.021800947867298578,100
LSTM_RL,15,random,123,Kcap+NoSort,0.44,0.15,3.69,74.75,0.19432080988969527,0.2467445132508874,0.010033444816053512,100
LSTM_RL,15,random,42,Kcap+NoSort,0.56,0.2,3.42,64.78,0.21415177021959134,0.24427938099950552,0.020994133991972832,100
LSTM_RL,15,random,456,Kcap+NoSort,0.48,0.15,3.5,73.05,0.21966331335412187,0.24375509295612574,0.022039698836413414,100
LSTM_RL,15,random,9,Kcap+NoSort,0.51,0.19,3.24,69.78,0.26456794878099615,0.25846682123839854,0.011894525652049298,100
PSS_Social,15,random,10,NoKcap+NoSort,0.93,0.35,3.37,41.83,0.21418201203676757,0.26757667392492296,0.017690652641644752,100
PSS_Social,15,random,123,NoKcap+NoSort,0.78,0.2,3.78,53.88,0.23510787466913602,0.2414364540204406,0.014105419450631032,100
PSS_Social,15,random,42,NoKcap+NoSort,0.95,0.28,3.46,33.46,0.28710742134159606,0.2412266009300947,0.006276150627615063,100
PSS_Social,15,random,456,NoKcap+NoSort,0.86,0.23,3.89,46.86,0.1948452452634292,0.2448697216436267,0.01835253947930004,100
PSS_Social,15,random,9,NoKcap+NoSort,0.67,0.29,2.77,62.66,0.15276234700476513,0.26672993510961535,0.03957867858282796,100
SARL,15,random,10,NoKcap+NoSort,0.98,0.37,2.02,28.76,0.048991786881590865,0.2817216557264328,0.003129346314325452,100
SARL,15,random,123,NoKcap+NoSort,0.97,0.32,2.96,33.07,0.053082488994800905,0.26682049050927165,0.019352887813728455,100
SARL,15,random,42,NoKcap+NoSort,0.99,0.32,3.13,28.23,0.05596790506882922,0.2553600380755961,0.012752391073326248,100
SARL,15,random,456,NoKcap+NoSort,0.98,0.38,2.33,28.74,0.05915811532976809,0.27314928293228147,0.009046624913013222,100
SARL,15,random,9,NoKcap+NoSort,0.93,0.36,2.68,35.05,0.05201302256090525,0.2743316379189491,0.02282453637660485,100
DS_RNN,15,random,10,NoKcap+NoSort,0.93,0.37,2.59,40.04,0.052465625947005434,0.2778546294569969,0.014985014985014986,100
DS_RNN,15,random,123,NoKcap+NoSort,0.81,0.32,2.79,48.45,0.05209372970341824,0.2680405056476593,0.04066047471620227,100
DS_RNN,15,random,42,NoKcap+NoSort,0.93,0.23,3.15,30.22,0.07362082135732087,0.24748356066644192,0.0413633355393779,100
DS_RNN,15,random,456,NoKcap+NoSort,0.8,0.3,2.27,47.34,0.040223256945555785,0.2894840767234564,0.052598225602027884,100
DS_RNN,15,random,9,NoKcap+NoSort,0.83,0.3,2.37,38.94,0.05322007403594727,0.29029620438814163,0.07139188495120699,100
LSTM_RL,15,random,10,NoKcap+NoSort,0.29,0.05,3.25,84.4,0.11521107753186277,0.23974819023162128,0.021800947867298578,100
LSTM_RL,15,random,123,NoKcap+NoSort,0.44,0.15,3.69,74.75,0.19432080988969527,0.2467445132508874,0.010033444816053512,100
LSTM_RL,15,random,42,NoKcap+NoSort,0.56,0.2,3.42,64.78,0.21415177021959134,0.24427938099950552,0.020994133991972832,100
LSTM_RL,15,random,456,NoKcap+NoSort,0.48,0.15,3.5,73.05,0.21966331335412187,0.24375509295612574,0.022039698836413414,100
LSTM_RL,15,random,9,NoKcap+NoSort,0.51,0.19,3.24,69.78,0.26456794878099615,0.25846682123839854,0.011894525652049298,100
PSS_Social,17,random,10,Kcap+Sort,1.0,0.97,0.05,33.81,0.479317947619256,0.3474064579606056,0.003845016267376516,100
PSS_Social,17,random,123,Kcap+Sort,1.0,0.94,0.09,31.22,0.6023640737743724,0.35239502012729645,0.007687379884689302,100
PSS_Social,17,random,42,Kcap+Sort,1.0,0.92,0.13,24.29,0.5737989256106487,0.3453570967912674,0.004528612597776863,100
PSS_Social,17,random,456,Kcap+Sort,0.99,0.91,0.17,35.16,0.4598012172510145,0.3459995768964291,0.006257110352673493,100
PSS_Social,17,random,9,Kcap+Sort,1.0,0.96,0.07,35.6,0.4217436542831404,0.3607377314567566,0.012359550561797753,100
SARL,17,random,10,Kcap+Sort,0.94,0.35,2.46,34.28,0.04409148217639715,0.2867249585688114,0.021003500583430573,100
SARL,17,random,123,Kcap+Sort,0.88,0.23,3.06,38.99,0.04592145859572358,0.2683365865051746,0.04770453962554501,100
SARL,17,random,42,Kcap+Sort,0.9,0.28,3.17,40.05,0.046812759917742176,0.2658165242522955,0.05093632958801498,100
SARL,17,random,456,Kcap+Sort,0.82,0.28,2.53,41.65,0.05272900602164699,0.2757285838574171,0.0885954381752701,100
SARL,17,random,9,Kcap+Sort,0.93,0.26,2.97,38.33,0.04217397994141649,0.2585696159675717,0.027132794156013565,100
DS_RNN,17,random,10,Kcap+Sort,0.99,0.32,2.93,33.19,0.055771026547761525,0.26829104468226433,0.0030129557095510697,100
DS_RNN,17,random,123,Kcap+Sort,0.89,0.37,2.52,38.91,0.052862062315834034,0.27610369853675365,0.04317656129529684,100
DS_RNN,17,random,42,Kcap+Sort,0.98,0.29,3.24,32.24,0.05418216944462925,0.25879081949591637,0.01457816377171216,100
DS_RNN,17,random,456,Kcap+Sort,0.83,0.21,2.71,42.63,0.04011661933116079,0.2646034822613001,0.05536007506450856,100
DS_RNN,17,random,9,Kcap+Sort,0.9,0.22,3.31,36.8,0.05783906718909509,0.26371117144823075,0.017934782608695653,100
LSTM_RL,17,random,10,Kcap+Sort,1.0,0.8,0.4,32.71,0.32734901323833465,0.33169573187828066,0.004891470498318557,100
LSTM_RL,17,random,123,Kcap+Sort,1.0,0.85,0.27,25.63,0.6344166561670774,0.34082036435604096,0.00351150994927819,100
LSTM_RL,17,random,42,Kcap+Sort,1.0,0.8,0.41,25.6,0.5593435174206317,0.33552697151899336,0.00390625,100
LSTM_RL,17,random,456,Kcap+Sort,1.0,0.87,0.31,27.13,0.5946858812517737,0.33522302001714704,0.0018429782528566164,100
LSTM_RL,17,random,9,Kcap+Sort,1.0,0.86,0.26,25.75,0.5949232142952957,0.33743250340223313,0.002330097087378641,100
PSS_Social,17,random,10,NoKcap+Sort,0.42,0.16,2.49,75.28,0.7702927414156591,0.2858165298402309,0.00730605738575983,100
PSS_Social,17,random,123,NoKcap+Sort,0.93,0.54,1.71,45.4,0.6691770462629696,0.3046529005467892,0.015198237885462556,100
PSS_Social,17,random,42,NoKcap+Sort,0.87,0.4,2.0,48.58,0.7240804798823569,0.28443260192871095,0.006381226842321943,100
PSS_Social,17,random,456,NoKcap+Sort,0.51,0.13,5.71,72.97,0.3410875570258778,0.20456280875951052,0.005070576949431273,100
PSS_Social,17,random,9,NoKcap+Sort,0.24,0.04,3.4,84.99,0.3390330856649114,0.2565625728666782,0.006000705965407695,100
SARL,17,random,10,NoKcap+Sort,0.94,0.35,2.46,34.28,0.04409148217639715,0.2867249585688114,0.021003500583430573,100
SARL,17,random,123,NoKcap+Sort,0.88,0.23,3.06,38.99,0.04592145859572358,0.2683365865051746,0.04770453962554501,100
SARL,17,random,42,NoKcap+Sort,0.9,0.28,3.17,40.05,0.046812759917742176,0.2658165242522955,0.05093632958801498,100
SARL,17,random,456,NoKcap+Sort,0.82,0.28,2.53,41.65,0.05272900602164699,0.2757285838574171,0.0885954381752701,100
SARL,17,random,9,NoKcap+Sort,0.93,0.26,2.97,38.33,0.04217397994141649,0.2585696159675717,0.027132794156013565,100
DS_RNN,17,random,10,NoKcap+Sort,0.97,0.34,3.08,34.28,0.05756031119010284,0.26710906833410264,0.006126021003500583,100
DS_RNN,17,random,123,NoKcap+Sort,0.91,0.37,2.68,38.45,0.05252861696709966,0.276525703817606,0.042132639791937584,100
DS_RNN,17,random,42,NoKcap+Sort,0.96,0.28,3.11,32.59,0.05305607922473652,0.26076833784580233,0.01718318502608162,100
DS_RNN,17,random,456,NoKcap+Sort,0.81,0.25,2.76,44.29,0.03945103131024243,0.26753691829741,0.04899525852336871,100
DS_RNN,17,random,9,NoKcap+Sort,0.9,0.21,3.39,37.49,0.055714702991153366,0.26327744156122207,0.021339023739663912,100
LSTM_RL,17,random,10,NoKcap+Sort,0.98,0.63,1.02,36.59,0.2982873439691473,0.3117238263785839,0.0073790653183930036,100
LSTM_RL,17,random,123,NoKcap+Sort,1.0,0.87,0.33,31.11,0.6406736982913953,0.3405023626983166,0.0035358405657344907,100
LSTM_RL,17,random,42,NoKcap+Sort,1.0,0.59,1.27,29.43,0.5170922667072526,0.30791646882891655,0.0010193679918450561,100
LSTM_RL,17,random,456,NoKcap+Sort,1.0,0.73,0.84,29.93,0.5149797822280848,0.31954256117343904,0.003007016371533578,100
LSTM_RL,17,random,9,NoKcap+Sort,1.0,0.7,0.66,28.7,0.5507057025383095,0.3240601569414139,0.0031358885017421603,100
PSS_Social,17,random,10,Kcap+NoSort,0.9,0.27,3.23,45.79,0.20343926626786366,0.2607619488984346,0.017252675256606245,100
PSS_Social,17,random,123,Kcap+NoSort,0.71,0.27,3.71,58.29,0.24947435757137806,0.2517094872891903,0.023846285812317722,100
PSS_Social,17,random,42,Kcap+NoSort,1.0,0.2,4.32,33.93,0.2938076149965836,0.2380167169123888,0.0038314176245210726,100
PSS_Social,17,random,456,Kcap+NoSort,0.69,0.24,4.73,57.47,0.2015293438232642,0.2453203547000885,0.015138333043326953,100
PSS_Social,17,random,9,Kcap+NoSort,0.72,0.24,3.41,59.34,0.17166213692910778,0.2676026352494955,0.038928210313447925,100
SARL,17,random,10,Kcap+NoSort,0.94,0.35,2.7,34.83,0.04421289330367987,0.2847846107184887,0.012058570198105082,100
SARL,17,random,123,Kcap+NoSort,0.89,0.23,3.59,39.97,0.04993742013203512,0.2608787903934717,0.05128846634976232,100
SARL,17,random,42,Kcap+NoSort,0.89,0.26,3.26,40.08,0.046006190705635254,0.26455440409481523,0.038672654690618764,100
SARL,17,random,456,Kcap+NoSort,0.83,0.29,2.75,42.62,0.053472222740712255,0.2685834563616663,0.08376349131862976,100
SARL,17,random,9,Kcap+NoSort,0.86,0.27,3.04,42.82,0.044164174603683465,0.26191659286618235,0.027557216254086876,100
DS_RNN,17,random,10,Kcap+NoSort,0.96,0.23,2.96,35.55,0.055254623795355444,0.2583811638504267,0.006469760900140647,100
DS_RNN,17,random,123,Kcap+NoSort,0.74,0.28,2.69,52.98,0.050023671825722406,0.26645292233675716,0.059267648169120425,100
DS_RNN,17,random,42,Kcap+NoSort,0.91,0.24,3.4,37.14,0.060052075594726174,0.25531359553337096,0.025309639203015617,100
DS_RNN,17,random,456,Kcap+NoSort,0.66,0.18,2.99,54.51,0.04310144230602114,0.27038808673620224,0.09759677123463585,100
DS_RNN,17,random,9,Kcap+NoSort,0.89,0.21,3.33,39.22,0.056140903187884006,0.2574701589345932,0.013003569607343193,100
LSTM_RL,17,random,10,Kcap+NoSort,0.28,0.06,3.14,83.34,0.12114168082030577,0.2450168015435338,0.030597552195824333,100
LSTM_RL,17,random,123,Kcap+NoSort,0.46,0.16,3.91,72.24,0.20214883878847587,0.2464011552929878,0.010243632336655593,100
LSTM_RL,17,random,42,Kcap+NoSort,0.37,0.08,3.79,77.85,0.1999158547874437,0.23222285374999047,0.021066152858060374,100
LSTM_RL,17,random,456,Kcap+NoSort,0.38,0.11,4.08,77.96,0.22194543001815586,0.2256003306340426,0.04245767060030785,100
LSTM_RL,17,random,9,Kcap+NoSort,0.52,0.19,4.04,66.63,0.26607394106225013,0.24299515031278132,0.01725949272099655,100
PSS_Social,17,random,10,NoKcap+NoSort,0.35,0.07,4.32,82.4,0.4956131316037249,0.24908223457634449,0.01383495145631068,100
PSS_Social,17,random,123,NoKcap+NoSort,0.34,0.1,3.54,75.88,0.4164955066459783,0.2588149603456259,0.030969952556668425,100
PSS_Social,17,random,42,NoKcap+NoSort,0.47,0.13,4.83,71.91,0.4593993310191151,0.23472088687121867,0.011403142817410653,100
PSS_Social,17,random,456,NoKcap+NoSort,0.27,0.04,5.29,83.15,0.2560360902762783,0.21697399858385324,0.0291040288634997,100
PSS_Social,17,random,9,NoKcap+NoSort,0.14,0.01,4.61,92.04,0.20330078356375758,0.22987222827970982,0.01727509778357236,100
SARL,17,random,10,NoKcap+NoSort,0.94,0.35,2.7,34.83,0.04421289330367987,0.2847846107184887,0.012058570198105082,100
SARL,17,random,123,NoKcap+NoSort,0.89,0.23,3.59,39.97,0.04993742013203512,0.2608787903934717,0.05128846634976232,100
SARL,17,random,42,NoKcap+NoSort,0.89,0.26,3.26,40.08,0.046006190705635254,0.26455440409481523,0.038672654690618764,100
SARL,17,random,456,NoKcap+NoSort,0.83,0.29,2.75,42.62,0.053472222740712255,0.2685834563616663,0.08376349131862976,100
SARL,17,random,9,NoKcap+NoSort,0.86,0.27,3.04,42.82,0.044164174603683465,0.26191659286618235,0.027557216254086876,100
DS_RNN,17,random,10,NoKcap+NoSort,0.95,0.28,3.05,36.36,0.05310988998928421,0.258762642070651,0.0044004400440044,100
DS_RNN,17,random,123,NoKcap+NoSort,0.74,0.28,2.91,52.83,0.05026573238811614,0.2666160139068961,0.0632216543630513,100
DS_RNN,17,random,42,NoKcap+NoSort,0.9,0.24,3.19,36.57,0.05738992392419295,0.2570146491378546,0.03718895269346459,100
DS_RNN,17,random,456,NoKcap+NoSort,0.64,0.2,2.65,55.58,0.04391688045260427,0.273047279343009,0.11964735516372796,100
DS_RNN,17,random,9,NoKcap+NoSort,0.89,0.23,3.4,39.3,0.05708865382193099,0.25930645436048505,0.04580152671755725,100
LSTM_RL,17,random,10,NoKcap+NoSort,0.19,0.06,3.45,86.89,0.14609380080577714,0.24411098454147578,0.028426746461042696,100
LSTM_RL,17,random,123,NoKcap+NoSort,0.31,0.13,3.77,82.73,0.31638100118687745,0.23967829443514346,0.009186510334824127,100
LSTM_RL,17,random,42,NoKcap+NoSort,0.33,0.12,4.23,78.47,0.2314066235152923,0.2288479832559824,0.014145533324837518,100
LSTM_RL,17,random,456,NoKcap+NoSort,0.37,0.08,4.31,79.84,0.25561382529282267,0.2159528174251318,0.025050100200400802,100
LSTM_RL,17,random,9,NoKcap+NoSort,0.49,0.18,3.96,71.16,0.3040400050110999,0.2544104440510273,0.01897133220910624,100
PSS_Social,19,random,10,Kcap+Sort,0.99,0.91,0.16,37.56,0.46376501137892057,0.3394605876505375,0.006922257720979766,100
PSS_Social,19,random,123,Kcap+Sort,0.97,0.92,0.09,37.39,0.5971852023769748,0.3414125753939152,0.004011767852366943,100
PSS_Social,19,random,42,Kcap+Sort,1.0,0.95,0.1,28.32,0.5994324784788629,0.3447569112479687,0.005296610169491525,100
PSS_Social,19,random,456,Kcap+Sort,0.98,0.97,0.02,36.68,0.45026750546971944,0.34540738523006437,0.004089422028353326,100
PSS_Social,19,random,9,Kcap+Sort,0.98,0.93,0.13,40.12,0.4362608682048071,0.3485864621400833,0.009222333000997009,100
SARL,19,random,10,Kcap+Sort,0.86,0.23,3.43,46.4,0.037754544593795875,0.26188021352514623,0.028663793103448274,100
SARL,19,random,123,Kcap+Sort,0.74,0.25,3.06,53.05,0.04076086290494479,0.2719403151422739,0.10141376060320452,100
SARL,19,random,42,Kcap+Sort,0.71,0.12,3.94,54.23,0.032599978451326186,0.25839927174150945,0.08943389267932879,100
SARL,19,random,456,Kcap+Sort,0.74,0.15,3.24,47.08,0.047809863647898965,0.26635108187794687,0.1072642310960068,100
SARL,19,random,9,Kcap+Sort,0.27,0.08,3.61,83.32,0.03383073179194876,0.27237625263631343,0.1386221795487278,100
DS_RNN,19,random,10,Kcap+Sort,0.93,0.28,3.0,40.47,0.044584417364712026,0.2675153288990259,0.03138127007659995,100
DS_RNN,19,random,123,Kcap+Sort,0.77,0.31,2.75,49.92,0.04970827250906003,0.2823029589653015,0.046875,100
DS_RNN,19,random,42,Kcap+Sort,0.83,0.2,3.8,47.36,0.03860980768629382,0.25518846437335013,0.018158783783783782,100
DS_RNN,19,random,456,Kcap+Sort,0.74,0.2,3.1,49.37,0.041935115278081796,0.27279649779200554,0.061980960097225035,100
DS_RNN,19,random,9,Kcap+Sort,0.4,0.11,3.39,73.08,0.031763129230413856,0.27611545197665693,0.10372194854953476,100
LSTM_RL,19,random,10,Kcap+Sort,0.99,0.76,0.45,32.73,0.33387248596136,0.32387410297989844,0.005499541704857928,100
LSTM_RL,19,random,123,Kcap+Sort,1.0,0.84,0.29,29.3,0.6359231011790648,0.32807436972856524,0.008873720136518772,100
LSTM_RL,19,random,42,Kcap+Sort,1.0,0.81,0.4,26.85,0.5763112719698559,0.32522911369800567,0.0033519553072625698,100
LSTM_RL,19,random,456,Kcap+Sort,1.0,0.84,0.27,29.78,0.5993697113811173,0.3303823068737984,0.004029550033579583,100
LSTM_RL,19,random,9,Kcap+Sort,1.0,0.79,0.37,27.83,0.572006608131805,0.33362827986478805,0.0025152712899748474,100
PSS_Social,19,random,10,NoKcap+Sort,0.19,0.05,3.32,88.57,0.8076623090956242,0.2700295450538397,0.011290504685559444,100
PSS_Social,19,random,123,NoKcap+Sort,0.59,0.06,7.91,66.5,0.4265383939673699,0.17895188126713038,0.03879699248120301,100
PSS_Social,19,random,42,NoKcap+Sort,0.15,0.02,5.29,89.11,0.8549882782724617,0.22605490021407604,0.012232072719111212,100
PSS_Social,19,random,456,NoKcap+Sort,0.39,0.11,4.88,73.86,0.4811758200916396,0.2503466807305813,0.018819388031410776,100
PSS_Social,19,random,9,NoKcap+Sort,0.3,0.04,4.4,79.19,0.35361506337446924,0.22985403694212436,0.005051142821063266,100
SARL,19,random,10,NoKcap+Sort,0.86,0.23,3.43,46.4,0.037754544593795875,0.26188021352514623,0.028663793103448274,100
SARL,19,random,123,NoKcap+Sort,0.74,0.25,3.06,53.05,0.04076086290494479,0.2719403151422739,0.10141376060320452,100
SARL,19,random,42,NoKcap+Sort,0.71,0.12,3.94,54.23,0.032599978451326186,0.25839927174150945,0.08943389267932879,100
SARL,19,random,456,NoKcap+Sort,0.74,0.15,3.24,47.08,0.047809863647898965,0.26635108187794687,0.1072642310960068,100
SARL,19,random,9,NoKcap+Sort,0.27,0.08,3.61,83.32,0.03383073179194876,0.27237625263631343,0.1386221795487278,100
DS_RNN,19,random,10,NoKcap+Sort,0.91,0.27,3.12,42.51,0.04434473951493231,0.2719655258953571,0.03269818866149141,100
DS_RNN,19,random,123,NoKcap+Sort,0.73,0.26,2.73,50.89,0.050178742157148105,0.28764872655272483,0.06681076832383573,100
DS_RNN,19,random,42,NoKcap+Sort,0.8,0.17,3.58,48.19,0.03806692884688162,0.26319286823272703,0.017638514214567337,100
DS_RNN,19,random,456,NoKcap+Sort,0.71,0.16,2.86,52.05,0.044996062243183074,0.2770048287510872,0.06378482228626321,100
DS_RNN,19,random,9,NoKcap+Sort,0.41,0.13,3.5,72.58,0.03362331305225767,0.2757933410257101,0.09492973270873518,100
LSTM_RL,19,random,10,NoKcap+Sort,0.78,0.09,5.97,57.01,0.30829592326697886,0.21071536801755428,0.004034379933345027,100
LSTM_RL,19,random,123,NoKcap+Sort,0.98,0.69,0.9,46.4,0.677143155294368,0.3205785469710827,0.003879310344827586,100
LSTM_RL,19,random,42,NoKcap+Sort,0.76,0.3,2.22,53.36,0.49810938935787713,0.28012231543660165,0.004872563718140929,100
LSTM_RL,19,random,456,NoKcap+Sort,0.96,0.42,2.14,41.61,0.47711201384181984,0.2870599289238453,0.0038452295121365054,100
LSTM_RL,19,random,9,NoKcap+Sort,1.0,0.66,1.13,41.32,0.5286312355829212,0.3061931684613228,0.0031461761858664087,100
PSS_Social,19,random,10,Kcap+NoSort,0.83,0.29,4.26,54.73,0.20054178934108563,0.2633254664391279,0.023570253974054448,100
PSS_Social,19,random,123,Kcap+NoSort,0.61,0.14,4.64,63.74,0.22682090609017933,0.24170443527400493,0.03074992155632256,100
PSS_Social,19,random,42,Kcap+NoSort,0.92,0.22,5.08,43.24,0.2884498887772431,0.22679632651619613,0.00786308973172988,100
PSS_Social,19,random,456,Kcap+NoSort,0.7,0.15,4.63,57.92,0.201845328960964,0.23373864866793156,0.01640193370165746,100
PSS_Social,19,random,9,Kcap+NoSort,0.65,0.16,5.26,64.86,0.1760381136022186,0.2525302693247795,0.037619488128276285,100
SARL,19,random,10,Kcap+NoSort,0.85,0.22,3.22,46.57,0.036991736581504085,0.2642017648369074,0.033068499033712694,100
SARL,19,random,123,Kcap+NoSort,0.72,0.26,3.38,55.2,0.03891757776371888,0.27107127726078034,0.08206521739130435,100
SARL,19,random,42,Kcap+NoSort,0.66,0.16,3.99,56.4,0.03496470059530873,0.2589620965719223,0.07907801418439717,100
SARL,19,random,456,Kcap+NoSort,0.74,0.15,3.17,46.89,0.049438691736203605,0.2634630332887173,0.09063766261462998,100
SARL,19,random,9,Kcap+NoSort,0.3,0.09,3.49,83.22,0.03330494931301459,0.26671653233468534,0.13145878394616678,100
DS_RNN,19,random,10,Kcap+NoSort,0.87,0.21,3.83,46.95,0.0502968599917965,0.25828326418995856,0.031096911608093716,100
DS_RNN,19,random,123,Kcap+NoSort,0.57,0.13,3.19,64.07,0.047068145519866676,0.2658536691218615,0.0666458560948962,100
DS_RNN,19,random,42,Kcap+NoSort,0.75,0.18,4.26,51.21,0.04649668039682308,0.2517303037270904,0.038078500292911543,100
DS_RNN,19,random,456,Kcap+NoSort,0.61,0.11,3.25,59.56,0.044596917564033854,0.2570245798677206,0.0651443922095366,100
DS_RNN,19,random,9,Kcap+NoSort,0.35,0.11,3.02,76.06,0.03451955053225309,0.28315202325582506,0.10662634762029977,100
LSTM_RL,19,random,10,Kcap+NoSort,0.15,0.08,4.13,90.36,0.11793582445069324,0.2425577238947153,0.03098716246126605,100
LSTM_RL,19,random,123,Kcap+NoSort,0.36,0.12,3.54,76.32,0.177074901101813,0.24751322481781243,0.022536687631027254,100
LSTM_RL,19,random,42,Kcap+NoSort,0.35,0.1,4.42,80.69,0.20277241332470342,0.22638807352632284,0.04064939893419259,100
LSTM_RL,19,random,456,Kcap+NoSort,0.28,0.06,4.54,81.77,0.21594647375996603,0.21819212075322866,0.042069218539806774,100
LSTM_RL,19,random,9,Kcap+NoSort,0.4,0.13,4.57,75.08,0.25416960976151837,0.23840811252593994,0.03249866808737347,100
PSS_Social,19,random,10,NoKcap+NoSort,0.11,0.02,4.68,93.59,0.5805130708027805,0.2291511671245098,0.01827118281867721,100
PSS_Social,19,random,123,NoKcap+NoSort,0.38,0.06,6.0,74.22,0.36673199654517635,0.21293704535812139,0.047426569657774184,100
PSS_Social,19,random,42,NoKcap+NoSort,0.13,0.03,4.94,90.35,0.5778986172609356,0.219374694339931,0.02888765910348644,100
PSS_Social,19,random,456,NoKcap+NoSort,0.21,0.03,5.48,85.01,0.3988488197563329,0.22936790205538274,0.02399717680272909,100
PSS_Social,19,random,9,NoKcap+NoSort,0.11,0.0,4.59,91.25,0.3188961567546027,0.22653115522116424,0.01654794520547945,100
SARL,19,random,10,NoKcap+NoSort,0.85,0.22,3.22,46.57,0.036991736581504085,0.2642017648369074,0.033068499033712694,100
SARL,19,random,123,NoKcap+NoSort,0.72,0.26,3.38,55.2,0.03891757776371888,0.27107127726078034,0.08206521739130435,100
SARL,19,random,42,NoKcap+NoSort,0.66,0.16,3.99,56.4,0.03496470059530873,0.2589620965719223,0.07907801418439717,100
SARL,19,random,456,NoKcap+NoSort,0.74,0.15,3.17,46.89,0.049438691736203605,0.2634630332887173,0.09063766261462998,100
SARL,19,random,9,NoKcap+NoSort,0.3,0.09,3.49,83.22,0.03330494931301459,0.26671653233468534,0.13145878394616678,100
DS_RNN,19,random,10,NoKcap+NoSort,0.86,0.2,3.9,49.56,0.047942171990904996,0.2582350489497185,0.03349475383373689,100
DS_RNN,19,random,123,NoKcap+NoSort,0.53,0.17,2.92,65.2,0.046437187348706416,0.27132595997303727,0.0651840490797546,100
DS_RNN,19,random,42,NoKcap+NoSort,0.73,0.18,4.55,53.58,0.04869637686169327,0.24733651757240296,0.0429264650989175,100
DS_RNN,19,random,456,NoKcap+NoSort,0.51,0.1,3.14,63.55,0.04521306383436163,0.2655123583972454,0.1038552321007081,100
DS_RNN,19,random,9,NoKcap+NoSort,0.34,0.11,3.3,76.05,0.03511352979243103,0.282254705876112,0.11071663379355687,100
LSTM_RL,19,random,10,NoKcap+NoSort,0.05,0.01,3.88,95.89,0.18312207110822792,0.23497861716896296,0.034831577849619356,100
LSTM_RL,19,random,123,NoKcap+NoSort,0.13,0.04,2.72,92.0,0.3118384788225528,0.26073796045035125,0.012717391304347826,100
LSTM_RL,19,random,42,NoKcap+NoSort,0.19,0.04,4.61,88.76,0.24208950693605008,0.21075038228183984,0.016448850833708877,100
LSTM_RL,19,random,456,NoKcap+NoSort,0.14,0.05,4.5,92.34,0.34925965694067995,0.2307128446176648,0.025666016894087068,100
LSTM_RL,19,random,9,NoKcap+NoSort,0.22,0.04,3.94,84.73,0.35554929077766745,0.24013577163219452,0.01569691962705063,100
PSS_Social,21,random,10,Kcap+Sort,0.99,0.87,0.22,41.26,0.48070811676772907,0.3309134592115879,0.0075133301017935045,100
PSS_Social,21,random,123,Kcap+Sort,0.97,0.83,0.35,38.49,0.5989591327343592,0.32699460834264754,0.007014809041309431,100
PSS_Social,21,random,42,Kcap+Sort,1.0,0.86,0.24,33.68,0.6054131594501354,0.33320715934038164,0.004156769596199525,100
PSS_Social,21,random,456,Kcap+Sort,1.0,0.9,0.2,37.65,0.45329831533672704,0.3331302411854267,0.005577689243027889,100
PSS_Social,21,random,9,Kcap+Sort,0.96,0.86,0.18,43.01,0.41666681271993183,0.33919889271259307,0.01116019530341781,100
SARL,21,random,10,Kcap+Sort,0.72,0.2,3.19,54.33,0.032676684162391306,0.27331492185592654,0.041413583655438985,100
SARL,21,random,123,Kcap+Sort,0.53,0.09,4.62,67.21,0.032830014633975835,0.25960244089365003,0.09611664930813867,100
SARL,21,random,42,Kcap+Sort,0.44,0.07,4.96,74.33,0.025232411817964297,0.2542844782024622,0.10386115969325979,100
SARL,21,random,456,Kcap+Sort,0.7,0.12,4.3,51.59,0.04063203470237637,0.2507900553569198,0.053111068036441174,100
SARL,21,random,9,Kcap+Sort,0.17,0.01,4.17,91.06,0.03435850808293886,0.2529812215268612,0.14122556556116847,100
DS_RNN,21,random,10,Kcap+Sort,0.79,0.18,4.17,51.62,0.03269873227838464,0.26310344979166983,0.08155753583882216,100
DS_RNN,21,random,123,Kcap+Sort,0.57,0.12,3.37,61.39,0.047296953869537944,0.26411744438111784,0.07525655644241733,100
DS_RNN,21,random,42,Kcap+Sort,0.47,0.15,3.56,72.88,0.03342899340399406,0.274165961779654,0.05557080131723381,100
DS_RNN,21,random,456,Kcap+Sort,0.74,0.14,4.7,51.84,0.04715348460452696,0.24118090204894543,0.06847993827160494,100
DS_RNN,21,random,9,Kcap+Sort,0.13,0.01,4.61,90.89,0.029114236031235297,0.23956528194248677,0.12487622400704147,100
LSTM_RL,21,random,10,Kcap+Sort,0.99,0.77,0.53,34.99,0.32371797078026326,0.31797208681702616,0.006573306659045442,100
LSTM_RL,21,random,123,Kcap+Sort,1.0,0.77,0.49,29.95,0.6325895756360832,0.3187410107254982,0.005342237061769616,100
LSTM_RL,21,random,42,Kcap+Sort,0.99,0.66,0.65,32.01,0.5715402587797759,0.31328095987439153,0.0018744142455482662,100
LSTM_RL,21,random,456,Kcap+Sort,1.0,0.76,0.39,31.6,0.6061208182020612,0.32023737832903865,0.0037974683544303796,100
LSTM_RL,21,random,9,Kcap+Sort,1.0,0.78,0.44,30.42,0.556257691142864,0.32141490578651427,0.0039447731755424065,100
PSS_Social,21,random,10,NoKcap+Sort,0.28,0.01,6.21,88.1,0.7528618252337359,0.22526670537889004,0.014188422247446084,100
PSS_Social,21,random,123,NoKcap+Sort,0.25,0.02,8.78,81.63,0.3808487815729353,0.14414719154126943,0.012740414063457063,100
PSS_Social,21,random,42,NoKcap+Sort,0.35,0.04,6.66,82.21,1.1023957073820276,0.20231076054275035,0.0030409925799781048,100
PSS_Social,21,random,456,NoKcap+Sort,0.22,0.03,5.55,82.63,0.49723540816906053,0.22064555369317532,0.07830085925208762,100
PSS_Social,21,random,9,NoKcap+Sort,0.22,0.0,8.78,84.38,0.3245481818096351,0.14747801756486298,0.007703247214979853,100
SARL,21,random,10,NoKcap+Sort,0.72,0.2,3.19,54.33,0.032676684162391306,0.27331492185592654,0.041413583655438985,100
SARL,21,random,123,NoKcap+Sort,0.53,0.09,4.62,67.21,0.032830014633975835,0.25960244089365003,0.09611664930813867,100
SARL,21,random,42,NoKcap+Sort,0.44,0.07,4.96,74.33,0.025232411817964297,0.2542844782024622,0.10386115969325979,100
SARL,21,random,456,NoKcap+Sort,0.7,0.12,4.3,51.59,0.04063203470237637,0.2507900553569198,0.053111068036441174,100
SARL,21,random,9,NoKcap+Sort,0.17,0.01,4.17,91.06,0.03435850808293886,0.2529812215268612,0.14122556556116847,100
DS_RNN,21,random,10,NoKcap+Sort,0.78,0.19,4.04,52.53,0.03687625540585875,0.2644998775422573,0.07329145250333143,100
DS_RNN,21,random,123,NoKcap+Sort,0.55,0.15,3.19,64.37,0.04786326753382899,0.2704858611524105,0.07922945471492931,100
DS_RNN,21,random,42,NoKcap+Sort,0.5,0.15,4.3,72.2,0.034470254734745985,0.2766022785007954,0.058725761772853186,100
DS_RNN,21,random,456,NoKcap+Sort,0.64,0.13,4.68,56.98,0.047141794110792244,0.24182681754231453,0.08055458055458055,100
DS_RNN,21,random,9,NoKcap+Sort,0.14,0.01,4.16,89.92,0.029728968124318758,0.24357376132160424,0.14690836298932383,100
LSTM_RL,21,random,10,NoKcap+Sort,0.46,0.09,4.46,77.3,0.42997023394916617,0.2511074574291706,0.016946959896507116,100
LSTM_RL,21,random,123,NoKcap+Sort,0.76,0.31,2.29,54.17,0.5201772131627278,0.29087631046772006,0.004430496584825549,100
LSTM_RL,21,random,42,NoKcap+Sort,0.3,0.04,3.41,76.33,0.5162819498909701,0.24892841070890426,0.00772959517882877,100
LSTM_RL,21,random,456,NoKcap+Sort,0.99,0.22,3.17,40.41,0.5589148186990154,0.25928406551480293,0.002722098490472655,100
LSTM_RL,21,random,9,NoKcap+Sort,0.61,0.18,3.62,67.41,0.4720641499203068,0.24252289801836013,0.004895416110369382,100
PSS_Social,21,random,10,Kcap+NoSort,0.88,0.17,4.8,48.02,0.2067394623632322,0.24467823624610902,0.01582673885880883,100
PSS_Social,21,random,123,Kcap+NoSort,0.55,0.13,6.38,67.83,0.24075099757776225,0.22460614431649448,0.023883237505528527,100
PSS_Social,21,random,42,Kcap+NoSort,0.84,0.18,5.91,51.46,0.2748501179152911,0.23078512646257876,0.01146521570151574,100
PSS_Social,21,random,456,Kcap+NoSort,0.57,0.13,6.61,64.62,0.20913533219764305,0.23340689957141877,0.017177344475394613,100
PSS_Social,21,random,9,Kcap+NoSort,0.5,0.13,4.45,70.69,0.17136782279281138,0.24758042111992837,0.038053472909888246,100
SARL,21,random,10,Kcap+NoSort,0.72,0.21,2.92,54.48,0.031991859651328704,0.2736398886144161,0.047540381791483115,100
SARL,21,random,123,Kcap+NoSort,0.55,0.11,4.33,66.5,0.032318222284173054,0.2638191182166338,0.09338345864661654,100
SARL,21,random,42,Kcap+NoSort,0.44,0.08,5.23,75.22,0.02741850700765102,0.2553840710222721,0.09771337410263228,100
SARL,21,random,456,Kcap+NoSort,0.67,0.08,4.53,53.12,0.045008003225601695,0.24246374279260635,0.058923192771084335,100
SARL,21,random,9,Kcap+NoSort,0.16,0.0,4.81,91.53,0.03442526272088682,0.2468989163264632,0.1430132197093849,100
DS_RNN,21,random,10,Kcap+NoSort,0.84,0.1,4.81,49.97,0.038042767014479416,0.2533026118576527,0.05143085851510906,100
DS_RNN,21,random,123,Kcap+NoSort,0.45,0.09,3.65,71.21,0.04967812689119986,0.2481934208981693,0.0731638814773206,100
DS_RNN,21,random,42,Kcap+NoSort,0.43,0.09,4.94,72.37,0.04301868387603962,0.2513714288920164,0.06618764681497859,100
DS_RNN,21,random,456,Kcap+NoSort,0.5,0.07,3.86,65.96,0.04558361190428348,0.24557063046842814,0.08035172832019406,100
DS_RNN,21,random,9,Kcap+NoSort,0.06,0.01,4.57,95.26,0.029836775090213017,0.24166627909988164,0.12366155784169641,100
LSTM_RL,21,random,10,Kcap+NoSort,0.1,0.02,4.16,92.33,0.1181474316765119,0.2238135092332959,0.02480233943463663,100
LSTM_RL,21,random,123,Kcap+NoSort,0.29,0.04,4.38,82.75,0.19579395679905812,0.23593066170811652,0.020785498489425982,100
LSTM_RL,21,random,42,Kcap+NoSort,0.32,0.11,4.81,78.91,0.21683625317836547,0.2291599719785154,0.028640223038905083,100
LSTM_RL,21,random,456,Kcap+NoSort,0.36,0.1,4.98,80.26,0.24593495029577217,0.2172581858932972,0.032020931971093944,100
LSTM_RL,21,random,9,Kcap+NoSort,0.38,0.12,4.03,76.43,0.25658032563208805,0.23528398029506206,0.01753238257228837,100
PSS_Social,21,random,10,NoKcap+NoSort,0.09,0.0,4.07,94.71,0.6021966956722907,0.22969832859933376,0.031675641431738996,100
PSS_Social,21,random,123,NoKcap+NoSort,0.1,0.0,6.8,92.47,0.3935944443850354,0.15747573065105824,0.03785011355034065,100
PSS_Social,21,random,42,NoKcap+NoSort,0.2,0.03,7.97,88.06,0.7408007746162009,0.17112573605030776,0.016693163751987282,100
PSS_Social,21,random,456,NoKcap+NoSort,0.17,0.02,5.35,86.39,0.45928480348123657,0.22837649933993817,0.07651348535710152,100
PSS_Social,21,random,9,NoKcap+NoSort,0.05,0.0,6.05,96.92,0.32782217440330536,0.19221055027097464,0.011762278167560874,100
SARL,21,random,10,NoKcap+NoSort,0.72,0.21,2.92,54.48,0.031991859651328704,0.2736398886144161,0.047540381791483115,100
SARL,21,random,123,NoKcap+NoSort,0.55,0.11,4.33,66.5,0.032318222284173054,0.2638191182166338,0.09338345864661654,100
SARL,21,random,42,NoKcap+NoSort,0.44,0.08,5.23,75.22,0.02741850700765102,0.2553840710222721,0.09771337410263228,100
SARL,21,random,456,NoKcap+NoSort,0.67,0.08,4.53,53.12,0.045008003225601695,0.24246374279260635,0.058923192771084335,100
SARL,21,random,9,NoKcap+NoSort,0.16,0.0,4.81,91.53,0.03442526272088682,0.2468989163264632,0.1430132197093849,100
DS_RNN,21,random,10,NoKcap+NoSort,0.81,0.12,4.86,51.89,0.03965895761148102,0.2563308154046535,0.06533050684139526,100
DS_RNN,21,random,123,NoKcap+NoSort,0.43,0.06,4.19,72.67,0.04943176914611435,0.25674081973731516,0.07073070042658594,100
DS_RNN,21,random,42,NoKcap+NoSort,0.42,0.11,4.61,73.74,0.04262034628598301,0.25554605573415756,0.07526444263628966,100
DS_RNN,21,random,456,NoKcap+NoSort,0.47,0.09,3.63,67.05,0.0447002214426492,0.24818886764347553,0.08590604026845637,100
DS_RNN,21,random,9,NoKcap+NoSort,0.11,0.01,4.54,91.65,0.030081429377044624,0.24353810247033836,0.12351336606655755,100
LSTM_RL,21,random,10,NoKcap+NoSort,0.11,0.0,4.47,90.88,0.21258350069484164,0.21136489503085612,0.0682218309859155,100
LSTM_RL,21,random,123,NoKcap+NoSort,0.08,0.0,4.04,95.06,0.3157650205242251,0.24837606247514488,0.025878392594151062,100
LSTM_RL,21,random,42,NoKcap+NoSort,0.13,0.02,4.85,90.19,0.28509644702687015,0.20620914248749614,0.01607717041800643,100
LSTM_RL,21,random,456,NoKcap+NoSort,0.22,0.04,5.37,83.58,0.37479678515795156,0.20734746992588043,0.013639626704953339,100
LSTM_RL,21,random,9,NoKcap+NoSort,0.06,0.0,4.29,94.95,0.30100043824359135,0.2238084358163178,0.03970510795155345,100
PSS_Social,23,random,10,Kcap+Sort,0.97,0.72,0.55,43.09,0.45491008312536774,0.32140655905008314,0.008354606637270829,100
PSS_Social,23,random,123,Kcap+Sort,0.86,0.67,0.46,47.29,0.5604826241746129,0.3202420036494732,0.009092831465426094,100
PSS_Social,23,random,42,Kcap+Sort,0.99,0.8,0.46,35.61,0.5791855054985268,0.3263444010913372,0.005616399887672002,100
PSS_Social,23,random,456,Kcap+Sort,0.98,0.81,0.38,39.04,0.44599530771355117,0.32405505686998365,0.007940573770491803,100
PSS_Social,23,random,9,Kcap+Sort,0.92,0.72,0.46,48.29,0.41941111010977267,0.3225972653925419,0.014702837026299442,100
SARL,23,random,10,Kcap+Sort,0.61,0.11,4.06,63.81,0.03429914791353889,0.2588742048293352,0.06879799404482057,100
SARL,23,random,123,Kcap+Sort,0.52,0.15,4.93,69.28,0.022581960205869164,0.27123303435742857,0.10046189376443418,100
SARL,23,random,42,Kcap+Sort,0.26,0.0,5.19,82.9,0.021609504647203365,0.2545330734550953,0.1106151990349819,100
SARL,23,random,456,Kcap+Sort,0.57,0.09,5.39,62.36,0.042725865276895945,0.22920344971120357,0.06783194355355997,100
SARL,23,random,9,Kcap+Sort,0.11,0.03,5.19,93.7,0.03105307889702537,0.24965349413454532,0.13180362860192102,100
DS_RNN,23,random,10,Kcap+Sort,0.61,0.09,4.28,62.04,0.027503770150594284,0.2572966752946377,0.08478401031592521,100
DS_RNN,23,random,123,Kcap+Sort,0.51,0.08,4.24,68.73,0.05241797985167778,0.24977841652929783,0.09166302924487124,100
DS_RNN,23,random,42,Kcap+Sort,0.36,0.08,3.67,77.58,0.028101863782455147,0.2704025326669216,0.0951276102088167,100
DS_RNN,23,random,456,Kcap+Sort,0.69,0.13,5.03,55.64,0.04672544100364441,0.23565297476714478,0.056074766355140186,100
DS_RNN,23,random,9,Kcap+Sort,0.05,0.01,5.84,96.34,0.022781843143489744,0.23034840859472752,0.13836412705003115,100
LSTM_RL,23,random,10,Kcap+Sort,0.99,0.67,0.86,37.19,0.32014547727830167,0.31333146259188654,0.005108900242000538,100
LSTM_RL,23,random,123,Kcap+Sort,0.99,0.72,0.73,32.77,0.6071294755327521,0.3140811371803284,0.00274641440341776,100
LSTM_RL,23,random,42,Kcap+Sort,1.0,0.65,0.78,30.53,0.5497883298543754,0.31446609914302825,0.00491320013101867,100
LSTM_RL,23,random,456,Kcap+Sort,0.99,0.74,0.68,32.62,0.6264833083163044,0.3167531485855579,0.003678724708767627,100
LSTM_RL,23,random,9,Kcap+Sort,1.0,0.77,0.66,31.98,0.5315747597721376,0.3153201614320278,0.004690431519699813,100
PSS_Social,23,random,10,NoKcap+Sort,0.15,0.0,7.58,91.36,0.5225538557744533,0.2002237922511995,0.027692644483362523,100
PSS_Social,23,random,123,NoKcap+Sort,0.16,0.0,9.67,89.64,0.36354265929514934,0.12696650373283774,0.032240071396697906,100
PSS_Social,23,random,42,NoKcap+Sort,0.17,0.0,8.7,87.85,1.0477092827781262,0.1644980973843485,0.010017074558907229,100
PSS_Social,23,random,456,NoKcap+Sort,0.06,0.0,6.45,94.88,0.6676773846879961,0.1866383690619841,0.045425801011804386,100
PSS_Social,23,random,9,NoKcap+Sort,0.07,0.0,7.81,93.93,0.37667496494833014,0.16382053280249237,0.03140636644309592,100
SARL,23,random,10,NoKcap+Sort,0.61,0.11,4.06,63.81,0.03429914791353889,0.2588742048293352,0.06879799404482057,100
SARL,23,random,123,NoKcap+Sort,0.52,0.15,4.93,69.28,0.022581960205869164,0.27123303435742857,0.10046189376443418,100
SARL,23,random,42,NoKcap+Sort,0.26,0.0,5.19,82.9,0.021609504647203365,0.2545330734550953,0.1106151990349819,100
SARL,23,random,456,NoKcap+Sort,0.57,0.09,5.39,62.36,0.042725865276895945,0.22920344971120357,0.06783194355355997,100
SARL,23,random,9,NoKcap+Sort,0.11,0.03,5.19,93.7,0.03105307889702537,0.24965349413454532,0.13180362860192102,100
DS_RNN,23,random,10,NoKcap+Sort,0.59,0.17,4.23,63.46,0.03295636554370899,0.26265032708644864,0.07248660573589663,100
DS_RNN,23,random,123,NoKcap+Sort,0.53,0.12,4.03,68.36,0.055816030646314164,0.2579333639889956,0.07650672908133412,100
DS_RNN,23,random,42,NoKcap+Sort,0.37,0.11,3.78,77.39,0.03389057538474768,0.27748085334897044,0.07752939656286342,100
DS_RNN,23,random,456,NoKcap+Sort,0.68,0.15,4.26,57.81,0.05029762315487545,0.24399279519915582,0.06815429856426224,100
DS_RNN,23,random,9,NoKcap+Sort,0.06,0.0,5.35,95.34,0.026700142447013422,0.2251192840281874,0.14243759177679882,100
LSTM_RL,23,random,10,NoKcap+Sort,0.27,0.06,4.64,83.89,0.3457900433802126,0.26035417325794696,0.03111217069972583,100
LSTM_RL,23,random,123,NoKcap+Sort,0.4,0.08,4.04,72.87,0.5099949615490336,0.25538018114864824,0.004391381912995746,100
LSTM_RL,23,random,42,NoKcap+Sort,0.58,0.08,5.77,63.66,0.5921239898748312,0.229007308781147,0.003770028275212064,100
LSTM_RL,23,random,456,NoKcap+Sort,0.78,0.05,5.76,57.07,0.5719800133288667,0.22876921854913235,0.002978797967408446,100
LSTM_RL,23,random,9,NoKcap+Sort,0.56,0.06,6.03,69.79,0.5821968247150174,0.2193208281695843,0.005444906147012466,100
PSS_Social,23,random,10,Kcap+NoSort,0.63,0.19,4.96,61.45,0.18526848055086445,0.2508014729246497,0.03775427176566314,100
PSS_Social,23,random,123,Kcap+NoSort,0.51,0.11,6.73,71.57,0.24198704644477037,0.21476158998906614,0.023473522425597318,100
PSS_Social,23,random,42,Kcap+NoSort,0.79,0.18,5.3,52.16,0.27005928678972724,0.23248892940580845,0.008819018404907975,100
PSS_Social,23,random,456,Kcap+NoSort,0.61,0.11,6.38,64.34,0.19909242410949402,0.21725214602425694,0.019428038545228475,100
PSS_Social,23,random,9,Kcap+NoSort,0.43,0.1,4.55,77.87,0.16866432363957945,0.24795410372316837,0.04135096956465905,100
SARL,23,random,10,Kcap+NoSort,0.61,0.12,4.54,63.91,0.035254724356605274,0.25756496511399746,0.06321389453919575,100
SARL,23,random,123,Kcap+NoSort,0.5,0.13,4.93,70.27,0.02501066258231806,0.2704397166520357,0.1013234666287178,100
SARL,23,random,42,Kcap+NoSort,0.26,0.01,4.87,82.44,0.02150235441379705,0.25741097927093504,0.11972343522561864,100
SARL,23,random,456,Kcap+NoSort,0.58,0.1,5.33,63.85,0.04601504940405494,0.22711312580853701,0.07392325763508223,100
SARL,23,random,9,Kcap+NoSort,0.14,0.05,4.5,90.92,0.03193096540361503,0.24702916042879225,0.13209414870215574,100
DS_RNN,23,random,10,Kcap+NoSort,0.72,0.1,5.03,58.98,0.03207863311251626,0.25077115088701246,0.05425567989148864,100
DS_RNN,23,random,123,Kcap+NoSort,0.28,0.03,5.44,82.29,0.05180253741352422,0.23142170831561087,0.11982014825616721,100
DS_RNN,23,random,42,Kcap+NoSort,0.39,0.06,4.7,76.46,0.03725943236522058,0.25500817701220513,0.09469003400470835,100
DS_RNN,23,random,456,Kcap+NoSort,0.46,0.04,5.1,67.68,0.04258831703789791,0.22776116754859685,0.10328014184397163,100
DS_RNN,23,random,9,Kcap+NoSort,0.07,0.0,5.38,94.54,0.025470909920627314,0.23021459456533194,0.13137296382483604,100
LSTM_RL,23,random,10,Kcap+NoSort,0.14,0.02,4.54,89.37,0.11868291972223223,0.23239632975310087,0.03983439632986461,100
LSTM_RL,23,random,123,Kcap+NoSort,0.19,0.04,5.15,88.27,0.1865867756165451,0.2293521151319146,0.01733318228163589,100
LSTM_RL,23,random,42,Kcap+NoSort,0.23,0.06,4.94,87.05,0.22179127639321364,0.2212130471691489,0.029408385985066055,100
LSTM_RL,23,random,456,Kcap+NoSort,0.24,0.04,6.08,85.66,0.23316779165066023,0.20820384368300437,0.04552883492878823,100
LSTM_RL,23,random,9,Kcap+NoSort,0.25,0.01,5.94,88.4,0.2766462665335001,0.21114919289946557,0.03257918552036199,100
PSS_Social,23,random,10,NoKcap+NoSort,0.06,0.01,5.27,95.34,0.5041835817811914,0.22517232228070497,0.035976505139500736,100
PSS_Social,23,random,123,NoKcap+NoSort,0.13,0.0,5.89,90.03,0.3171717764893273,0.16074695207178594,0.06620015550372098,100
PSS_Social,23,random,42,NoKcap+NoSort,0.12,0.0,7.61,91.21,0.8144252904742525,0.17876543246209622,0.020831049227058435,100
PSS_Social,23,random,456,NoKcap+NoSort,0.07,0.0,6.41,94.57,0.6281750734693642,0.18768181048333646,0.05530295019562229,100
PSS_Social,23,random,9,NoKcap+NoSort,0.04,0.0,5.41,96.84,0.36635057908977564,0.1828080260072602,0.06020239570425444,100
SARL,23,random,10,NoKcap+NoSort,0.61,0.12,4.54,63.91,0.035254724356605274,0.25756496511399746,0.06321389453919575,100
SARL,23,random,123,NoKcap+NoSort,0.5,0.13,4.93,70.27,0.02501066258231806,0.2704397166520357,0.1013234666287178,100
SARL,23,random,42,NoKcap+NoSort,0.26,0.01,4.87,82.44,0.02150235441379705,0.25741097927093504,0.11972343522561864,100
SARL,23,random,456,NoKcap+NoSort,0.58,0.1,5.33,63.85,0.04601504940405494,0.22711312580853701,0.07392325763508223,100
SARL,23,random,9,NoKcap+NoSort,0.14,0.05,4.5,90.92,0.03193096540361503,0.24702916042879225,0.13209414870215574,100
DS_RNN,23,random,10,NoKcap+NoSort,0.62,0.15,5.71,64.81,0.038643501177975284,0.2564276556670666,0.0624903564264774,100
DS_RNN,23,random,123,NoKcap+NoSort,0.32,0.02,4.15,80.26,0.05032385189187309,0.2414569038525224,0.06790431098928483,100
DS_RNN,23,random,42,NoKcap+NoSort,0.39,0.07,4.7,77.09,0.043290023940663946,0.2614551145210862,0.06511869243741082,100
DS_RNN,23,random,456,NoKcap+NoSort,0.41,0.06,4.94,72.35,0.04592673220588828,0.22970932133495808,0.10697995853489979,100
DS_RNN,23,random,9,NoKcap+NoSort,0.14,0.0,6.03,90.01,0.02937279539275381,0.22000999331474305,0.1493167425841573,100
LSTM_RL,23,random,10,NoKcap+NoSort,0.04,0.01,3.58,96.59,0.22956110709588942,0.23914363602176308,0.0901749663526245,100
LSTM_RL,23,random,123,NoKcap+NoSort,0.05,0.0,4.52,95.72,0.3004895138573301,0.2304593338817358,0.062055996656916,100
LSTM_RL,23,random,42,NoKcap+NoSort,0.17,0.03,5.43,88.82,0.352315340963529,0.20019900255836545,0.015537041206935375,100
LSTM_RL,23,random,456,NoKcap+NoSort,0.08,0.0,5.49,93.56,0.35790378063573147,0.19707349905744195,0.016566908935442496,100
LSTM_RL,23,random,9,NoKcap+NoSort,0.09,0.0,3.19,92.2,0.3240688071241573,0.23501413881778718,0.04967462039045553,100
